<?xml version="1.0" encoding="utf-8"?><units xmlns="http://www.elsevier.com/xml/ani/ani" xmlns:xsi="http://www.w3.org/2001/XMLSchema-instance" xmlns:ce="http://www.elsevier.com/xml/ani/common" xsi:schemaLocation="http://www.elsevier.com/xml/ani/ani http://www.elsevier.com/xml/ani/ani515-input.xsd">
<unit type="BATCH">
<unit-info>
<unit-id>1</unit-id>
<order-id>1</order-id>
<parcel-id>none</parcel-id>
<supplier-id>5</supplier-id>
<timestamp>2025-08-08T17:16:03</timestamp>
</unit-info>
<unit-content>
<bibrecord>
<item-info>
<status state="new" stage="S300"/>
<itemidlist>
<itemid idtype="TPB-ID">20252000323207</itemid>
</itemidlist>
</item-info>
<head>
<citation-info>
<citation-type code="bk"/>
<citation-language xml:lang="ENG"/>
<abstract-language xml:lang="ENG"/>
<author-keywords>
<author-keyword>Fraser’s Magazine (1)</author-keyword>
<author-keyword>James Hogg (6)</author-keyword>
<author-keyword>Periodicals (19)</author-keyword>
<author-keyword>Romanticism (61)</author-keyword>
<author-keyword>Scotland (65)</author-keyword>
<author-keyword>Scottish literature (34)</author-keyword>
</author-keywords>
</citation-info>
<citation-title>
<titletext xml:lang="ENG" original="y">Contributions to Fraser’s magazine for Town and Country</titletext>
</citation-title>
<author-group seq="1">
<author seq="1">
<ce:initials>J.</ce:initials>
<ce:surname>Hogg</ce:surname>
<ce:given-name>James</ce:given-name>
</author>
</author-group>
<author-group seq="2">
<author seq="2">
<ce:initials>M.</ce:initials>
<ce:surname>Coyer</ce:surname>
<ce:given-name>Megan</ce:given-name>
<ce:suffix>Sr.</ce:suffix>
</author>
<affiliation>
<organization>University of Glasgow</organization>
<organization>Glasgow’s Medical Humanities Research Centre</organization>
<country iso-code="GBR"/>
<ce:source-text>Megan Coyer is a Senior Lecturer in English Literature at the University of Glasgow and directs Glasgow’s Medical Humanities Research Centre. She held a Wellcome Trust Research Fellowship in Medical Humanities from 2012-2016. She received her PhD in Scottish Literature from the University of Glasgow in 2010, and her first degree is a B.S. in Neuroscience from Lafayette College (Easton, PA USA).</ce:source-text>
</affiliation>
</author-group>
<abstracts>
<abstract xml:lang="ENG" original="y">
<publishercopyright>© editorial matter and organisation, megan Coyer, 2025, © the text, edinburgh University Press, 2025.</publishercopyright>
<ce:para>The first complete edition of James Hogg’s contributions to Fraser’s Magazine for Town and Country. Collects previously uncollected writings by a key Scottish author Provides comprehensive scholarly introduction and notes Includes a glossary of unfamiliar terms In the final years of James Hogg’s life, Fraser’s Magazine for Town and Country became the most important outlet for his shorter writings, usurping the previous centrality of Blackwood’s Edinburgh Magazine. This volume collects for the first time his many and various contributions to the magazine and presents them in a reliable scholarly form, complete with a wide-ranging introduction, explanatory notes, appendices and glossary. Building on other volumes in The Stirling / South Carolina Research Edition, Contributions to Fraser’s Magazine highlights Hogg’s expansion into the London literary marketplace and his reception as a Scottish author south of the Tweed, as well as the beginnings of his posthumous memorialisation.</ce:para>
</abstract>
</abstracts>
<source type="book" country="GBR">
<sourcetitle>Contributions to Fraser’s magazine for Town and Country</sourcetitle>
<sourcetitle-abbrev>Contributions to Fraser’s magazine for Town and Ctry.</sourcetitle-abbrev>
<isbn type="print" length="13">9781474426527</isbn>
<isbn type="electronic" length="13">9781474426534</isbn>
<volisspag>
<page-information>
<pages>
<first-page>1</first-page>
<last-page>510</last-page>
</pages>
</page-information>
</volisspag>
<publicationyear first="2025"/>
<publicationdate>
<year>2025</year>
<month>01</month>
<day>01</day>
</publicationdate>
<website type="item">
<ce:e-address type="url">https://edinburghuniversitypress.com/book-contributions-to-fraser-s-magazine-for-town-and-country.html</ce:e-address>
</website>
<publisher>
<publishername>Edinburgh University Press</publishername>
</publisher>
</source>
<enhancement>
<classificationgroup>
<classifications type="ASJC">
<classification>
<classification-code>1200</classification-code>
</classification>
</classifications>
</classificationgroup>
</enhancement>
</head>
<tail>
<bibliography refcount="15">
<reference seq="1">
<ref-info>
<ref-authors>
<author seq="1">
<ce:initials>T.</ce:initials>
<ce:surname>Powell</ce:surname>
<ce:given-name>Thomas</ce:given-name>
</author>
<author seq="2">
<ce:initials>J.</ce:initials>
<ce:surname>Hogg</ce:surname>
<ce:given-name>James</ce:given-name>
</author>
</ref-authors>
<ref-sourcetitle>‘Literary Characters.—By Pierce Pungent</ref-sourcetitle>
<ref-publicationyear first="1830"/>
<volisspag>
<volume-issue-number>
<vol-first>1</vol-first>
<iss-text>I</iss-text>
</volume-issue-number>
<page-information>
<pages>
<first-page>291</first-page>
<last-page>300</last-page>
</pages>
</page-information>
</volisspag>
<ref-text>[, ], april</ref-text>
</ref-info>
<ref-fulltext>[Powell, Thomas], ‘Literary Characters.—By Pierce Pungent. No. I. James Hogg’, FM, 1 (april 1830), 291–300.</ref-fulltext>
<ce:source-text>[Powell, Thomas], ‘Literary Characters.—By Pierce Pungent. No. I. James Hogg’, FM, 1 (april 1830), 291–300.</ce:source-text>
</reference>
<reference seq="2">
<ref-info>
<ref-authors>
<collaboration seq="1">
<ce:text>‘A Day in Kent’</ce:text>
</collaboration>
</ref-authors>
<ref-publicationyear first="1831"/>
<volisspag>
<volume-issue-number>
<vol-first>3</vol-first>
</volume-issue-number>
<page-information>
<pages>
<first-page>17</first-page>
<last-page>33</last-page>
</pages>
</page-information>
</volisspag>
<ref-text>February</ref-text>
</ref-info>
<ref-fulltext>‘A Day in Kent’, FM, 3 (February 1831), 17–33.</ref-fulltext>
<ce:source-text>‘A Day in Kent’, FM, 3 (February 1831), 17–33.</ce:source-text>
</reference>
<reference seq="3">
<ref-info>
<ref-authors>
<author seq="1">
<ce:initials>W.</ce:initials>
<ce:surname>Maginn</ce:surname>
<ce:given-name>William</ce:given-name>
</author>
<author seq="2">
<ce:initials>J.</ce:initials>
<ce:surname>Hogg</ce:surname>
<ce:given-name>James</ce:given-name>
</author>
</ref-authors>
<ref-sourcetitle>‘gallery of Literary Characters</ref-sourcetitle>
<ref-publicationyear first="1832"/>
<volisspag>
<volume-issue-number>
<vol-first>5</vol-first>
</volume-issue-number>
<page-information>
<pages>
<first-page>97</first-page>
</pages>
</page-information>
</volisspag>
<ref-text>[, ], No. XXI, (February), [with etching on preceding page]</ref-text>
</ref-info>
<ref-fulltext>[maginn, William], ‘gallery of Literary Characters. No. XXI. James Hogg’, FM, 5 (February 1832), 97 [with etching on preceding page].</ref-fulltext>
<ce:source-text>[maginn, William], ‘gallery of Literary Characters. No. XXI. James Hogg’, FM, 5 (February 1832), 97 [with etching on preceding page].</ce:source-text>
</reference>
<reference seq="4">
<ref-info>
<ref-authors>
<author seq="1">
<ce:initials>W.</ce:initials>
<ce:surname>Maginn</ce:surname>
<ce:given-name>William</ce:given-name>
</author>
</ref-authors>
<ref-sourcetitle>The Great and Celebrated Hogg Dinner. (Reported Especially for Fraser’s Magazine.)</ref-sourcetitle>
<ref-publicationyear first="1832"/>
<volisspag>
<volume-issue-number>
<vol-first>5</vol-first>
</volume-issue-number>
<page-information>
<pages>
<first-page>113</first-page>
<last-page>126</last-page>
</pages>
</page-information>
</volisspag>
<ref-text>[, ], (February)</ref-text>
</ref-info>
<ref-fulltext>[maginn, William], ‘The great and Celebrated Hogg Dinner. (Reported especially for Fraser’s Magazine.)’, FM, 5 (February 1832), 113–26.</ref-fulltext>
<ce:source-text>[maginn, William], ‘The great and Celebrated Hogg Dinner. (Reported especially for Fraser’s Magazine.)’, FM, 5 (February 1832), 113–26.</ce:source-text>
</reference>
<reference seq="5">
<ref-info>
<ref-authors>
<author seq="1">
<ce:initials>W.</ce:initials>
<ce:surname>Maginn</ce:surname>
<ce:given-name>William</ce:given-name>
</author>
</ref-authors>
<ref-sourcetitle>The Altrive Tales</ref-sourcetitle>
<ref-publicationyear first="1832"/>
<volisspag>
<volume-issue-number>
<vol-first>5</vol-first>
</volume-issue-number>
<page-information>
<pages>
<first-page>482</first-page>
<last-page>489</last-page>
</pages>
</page-information>
</volisspag>
</ref-info>
<ref-fulltext>[maginn, William?], ‘The altrive Tales’, FM, 5 (may 1832), 482–89.</ref-fulltext>
<ce:source-text>[maginn, William?], ‘The altrive Tales’, FM, 5 (may 1832), 482–89.</ce:source-text>
</reference>
<reference seq="6">
<ref-info>
<ref-title>
<ref-titletext-english>The ettrick shepherd and stewart of glenmoriston</ref-titletext-english>
</ref-title>
<ref-authors>
<author seq="1">
<ce:initials>W.C.</ce:initials>
<ce:surname>Maginn</ce:surname>
<ce:given-name>Williamjames Churchill</ce:given-name>
</author>
</ref-authors>
<ref-sourcetitle>The Fraser Papers for February</ref-sourcetitle>
<ref-publicationyear first="1833"/>
<volisspag>
<volume-issue-number>
<vol-first>7</vol-first>
</volume-issue-number>
<page-information>
<pages>
<first-page>247</first-page>
<last-page>249</last-page>
</pages>
</page-information>
</volisspag>
<ref-text>(February), 240–50</ref-text>
</ref-info>
<ref-fulltext>‘The ettrick shepherd and stewart of glenmoriston’, in [maginn, William, with James Churchill as collab.], ‘The Fraser Papers for February’, FM, 7 (February 1833), 240–50, (pp. 247–49).</ref-fulltext>
<ce:source-text>‘The ettrick shepherd and stewart of glenmoriston’, in [maginn, William, with James Churchill as collab.], ‘The Fraser Papers for February’, FM, 7 (February 1833), 240–50, (pp. 247–49).</ce:source-text>
</reference>
<reference seq="7">
<ref-info>
<ref-authors>
<author seq="1">
<ce:initials>R.</ce:initials>
<ce:surname>Macnish</ce:surname>
<ce:given-name>Robert</ce:given-name>
</author>
<author seq="2">
<ce:initials>D.M.</ce:initials>
<ce:surname>Moir</ce:surname>
</author>
</ref-authors>
<ref-sourcetitle>The Modern Pythagorean; a Series of Tales, Essays, and Sketches</ref-sourcetitle>
<ref-publicationyear first="1838"/>
<volisspag>
<volume-issue-number>
<vol-first>2</vol-first>
</volume-issue-number>
<page-information>
<pages>
<first-page>317</first-page>
</pages>
</page-information>
</volisspag>
<ref-text>The poem within this subsection is by Robert macnish: see, By the Late, LL.D. With the Author’s Life, By his Friend</ref-text>
</ref-info>
<ref-fulltext>The poem within this subsection is by Robert macnish: see The Modern Pythagorean; A Series of Tales, Essays, and Sketches, By the Late Robert Macnish, LL.D. With the Author’s Life, By his Friend, D. M. Moir, 2 vols (edinburgh: Blackwood; London: Cadell, 1838), I, p. 317.</ref-fulltext>
<ce:source-text>The poem within this subsection is by Robert macnish: see The Modern Pythagorean; A Series of Tales, Essays, and Sketches, By the Late Robert Macnish, LL.D. With the Author’s Life, By his Friend, D. M. Moir, 2 vols (edinburgh: Blackwood; London: Cadell, 1838), I, p. 317.</ce:source-text>
</reference>
<reference seq="8">
<ref-info>
<ref-authors>
<author seq="1">
<ce:initials>A.</ce:initials>
<ce:surname>Cunningham</ce:surname>
<ce:given-name>Allan</ce:given-name>
</author>
</ref-authors>
<ref-sourcetitle>Lay Sermons: By the Ettrick Shepherd</ref-sourcetitle>
<ref-publicationyear first="1834"/>
<volisspag>
<volume-issue-number>
<vol-first>10</vol-first>
</volume-issue-number>
<page-information>
<pages>
<first-page>1</first-page>
<last-page>10</last-page>
</pages>
</page-information>
</volisspag>
<ref-text>as noted in the Introduction (p. xlv), Hughes discounts this possible attribution by the Wellesley Index</ref-text>
</ref-info>
<ref-fulltext>[Cunningham, allan?], ‘Lay sermons: By the ettrick shepherd’, FM, 10 (July 1834), 1–10. as noted in the Introduction (p. xlv), Hughes discounts this possible attribution by the Wellesley Index.</ref-fulltext>
<ce:source-text>[Cunningham, allan?], ‘Lay sermons: By the ettrick shepherd’, FM, 10 (July 1834), 1–10. as noted in the Introduction (p. xlv), Hughes discounts this possible attribution by the Wellesley Index.</ce:source-text>
</reference>
<reference seq="9">
<ref-info>
<ref-authors>
<author seq="1">
<ce:initials>W.</ce:initials>
<ce:surname>Maginn</ce:surname>
<ce:given-name>William</ce:given-name>
</author>
<author seq="2">
<ce:initials>J.</ce:initials>
<ce:surname>Hogg’</ce:surname>
<ce:given-name>James</ce:given-name>
</author>
</ref-authors>
<ref-sourcetitle>‘Domestic Manners of Sir Walter Scott</ref-sourcetitle>
<ref-publicationyear first="1834"/>
<volisspag>
<volume-issue-number>
<vol-first>10</vol-first>
</volume-issue-number>
<page-information>
<pages>
<first-page>125</first-page>
<last-page>156</last-page>
</pages>
</page-information>
</volisspag>
<ref-text>[, ]</ref-text>
</ref-info>
<ref-fulltext>[maginn, William], ‘Domestic manners of sir Walter scott. By James Hogg’, FM, 10 (august 1834), 125–56.</ref-fulltext>
<ce:source-text>[maginn, William], ‘Domestic manners of sir Walter scott. By James Hogg’, FM, 10 (august 1834), 125–56.</ce:source-text>
</reference>
<reference seq="10">
<ref-info>
<ref-authors>
<author seq="1">
<ce:initials>W.</ce:initials>
<ce:surname>Maginn</ce:surname>
<ce:given-name>William</ce:given-name>
</author>
<author seq="2">
<ce:initials>J.</ce:initials>
<ce:surname>Churchill</ce:surname>
<ce:given-name>James</ce:given-name>
</author>
</ref-authors>
<ref-sourcetitle>The Fraser Papers for September</ref-sourcetitle>
<ref-publicationyear first="1834"/>
<volisspag>
<volume-issue-number>
<vol-first>10</vol-first>
</volume-issue-number>
<page-information>
<pages>
<first-page>365</first-page>
<last-page>378</last-page>
</pages>
</page-information>
</volisspag>
<ref-text>[, prob. with ], Includes a brief addendum to the review of The Domestic Manners and Private Life of Sir Walter Scott on p. 378</ref-text>
</ref-info>
<ref-fulltext>[maginn, William, prob. with James Churchill], ‘The Fraser Papers for september’, FM, 10 (september 1834), 365–78. Includes a brief addendum to the review of The Domestic Manners and Private Life of Sir Walter Scott on p. 378.</ref-fulltext>
<ce:source-text>[maginn, William, prob. with James Churchill], ‘The Fraser Papers for september’, FM, 10 (september 1834), 365–78. Includes a brief addendum to the review of The Domestic Manners and Private Life of Sir Walter Scott on p. 378.</ce:source-text>
</reference>
<reference seq="11">
<ref-info>
<ref-authors>
<author seq="1">
<ce:initials>W.</ce:initials>
<ce:surname>Maginn</ce:surname>
<ce:given-name>William</ce:given-name>
</author>
</ref-authors>
<ref-sourcetitle>The Fraserians; Or, the Commencement of the Year Thirty-Five. a Fragment</ref-sourcetitle>
<ref-publicationyear first="1835"/>
<volisspag>
<volume-issue-number>
<vol-first>11</vol-first>
</volume-issue-number>
<page-information>
<pages>
<first-page>1</first-page>
<last-page>27</last-page>
</pages>
</page-information>
</volisspag>
<ref-text>[, ], FM, (January), Hogg features as a ‘Fraserian’ on pp. 8–10</ref-text>
</ref-info>
<ref-fulltext>[maginn, William], ‘The Fraserians; or, The Commencement of the Year Thirty-Five. a fragment’, FM, 11 (January 1835), 1–27. Hogg features as a ‘Fraserian’ on pp. 8–10.</ref-fulltext>
<ce:source-text>[maginn, William], ‘The Fraserians; or, The Commencement of the Year Thirty-Five. a fragment’, FM, 11 (January 1835), 1–27. Hogg features as a ‘Fraserian’ on pp. 8–10.</ce:source-text>
</reference>
<reference seq="12">
<ref-info>
<ref-authors>
<author seq="1">
<ce:initials>W.</ce:initials>
<ce:surname>Maginn</ce:surname>
<ce:given-name>William</ce:given-name>
</author>
</ref-authors>
<ref-sourcetitle>A Decade of Novels and Nouvellettes</ref-sourcetitle>
<ref-publicationyear first="1835"/>
<volisspag>
<volume-issue-number>
<vol-first>11</vol-first>
</volume-issue-number>
<page-information>
<pages>
<first-page>586</first-page>
<last-page>609</last-page>
</pages>
</page-information>
</volisspag>
<ref-text>a review of Hogg’s Tales of the Wars of Montrose (1835) is on pp. 597–600</ref-text>
</ref-info>
<ref-fulltext>[maginn, William?], ‘a Decade of Novels and Nouvellettes’, FM, 11 (may 1835), 586–609. a review of Hogg’s Tales of the Wars of Montrose (1835) is on pp. 597–600.</ref-fulltext>
<ce:source-text>[maginn, William?], ‘a Decade of Novels and Nouvellettes’, FM, 11 (may 1835), 586–609. a review of Hogg’s Tales of the Wars of Montrose (1835) is on pp. 597–600.</ce:source-text>
</reference>
<reference seq="13">
<ref-info>
<ref-authors>
<author seq="1">
<ce:initials>W.</ce:initials>
<ce:surname>Maginn</ce:surname>
<ce:given-name>William</ce:given-name>
</author>
<author seq="2">
<ce:initials>F.</ce:initials>
<ce:surname>Mahony</ce:surname>
<ce:given-name>Francis</ce:given-name>
</author>
</ref-authors>
<ref-sourcetitle>Parliamentary Report of the Proceedings Instituted, at the Close of Last Session, to Inquire into the Conduct and to Regulate the Future Management of Fraser’s Magazine: Followed by an Account of the Grand Fraserian Festival</ref-sourcetitle>
<ref-publicationyear first="1836"/>
<volisspag>
<volume-issue-number>
<vol-first>13</vol-first>
</volume-issue-number>
<page-information>
<pages>
<first-page>1</first-page>
<last-page>79</last-page>
</pages>
</page-information>
</volisspag>
<ref-text>[, with ], (January), ‘The ghost of the ettrick shepherd’ is amongst the list of Immortals (p. 3), and sir Walter scott’s ghost delivers a speech about Hogg on pp. 28–29. Wordsworth recites ‘Extempore Effusion, Upon reading in the Newcastle Journal the notice of the death of the poet, James Hogg’ on p. 64, and ‘The Ghost of Hogg’ contributes to a song on p. 74</ref-text>
</ref-info>
<ref-fulltext>[maginn, William, with Francis mahony], ‘Parliamentary Report of the Proceedings Instituted, at the Close of Last session, to Inquire into the Conduct and to Regulate the Future management of Fraser’s magazine: Followed by an account of the grand Fraserian Festival’, FM, 13 (January 1836), 1–79. ‘The ghost of the ettrick shepherd’ is amongst the list of Immortals (p. 3), and sir Walter scott’s ghost delivers a speech about Hogg on pp. 28–29. Wordsworth recites ‘Extempore Effusion, Upon reading in the Newcastle Journal the notice of the death of the poet, James Hogg’ on p. 64, and ‘The Ghost of Hogg’ contributes to a song on p. 74.</ref-fulltext>
<ce:source-text>[maginn, William, with Francis mahony], ‘Parliamentary Report of the Proceedings Instituted, at the Close of Last session, to Inquire into the Conduct and to Regulate the Future management of Fraser’s magazine: Followed by an account of the grand Fraserian Festival’, FM, 13 (January 1836), 1–79. ‘The ghost of the ettrick shepherd’ is amongst the list of Immortals (p. 3), and sir Walter scott’s ghost delivers a speech about Hogg on pp. 28–29. Wordsworth recites ‘Extempore Effusion, Upon reading in the Newcastle Journal the notice of the death of the poet, James Hogg’ on p. 64, and ‘The Ghost of Hogg’ contributes to a song on p. 74.</ce:source-text>
</reference>
<reference seq="14">
<ref-info>
<ref-authors>
<author seq="1">
<ce:initials>W.</ce:initials>
<ce:surname>Maginn</ce:surname>
<ce:given-name>William</ce:given-name>
</author>
</ref-authors>
<ref-sourcetitle>Willis’s Pencillings</ref-sourcetitle>
<ref-publicationyear first="1836"/>
<volisspag>
<volume-issue-number>
<vol-first>13</vol-first>
</volume-issue-number>
<page-information>
<pages>
<first-page>195</first-page>
<last-page>203</last-page>
</pages>
</page-information>
</volisspag>
<ref-text>[, ], (February), a quoted extract from N. P. Willis’s Pencillings by the Way (1835) discusses Hogg (pp. 198–99), and maginn’s response to this extract on pp. 200–01 likewise discusses Hogg</ref-text>
</ref-info>
<ref-fulltext>[maginn, William], ‘Willis’s Pencillings’, FM, 13 (February 1836), 195-203. a quoted extract from N. P. Willis’s Pencillings by the Way (1835) discusses Hogg (pp. 198–99), and maginn’s response to this extract on pp. 200–01 likewise discusses Hogg.</ref-fulltext>
<ce:source-text>[maginn, William], ‘Willis’s Pencillings’, FM, 13 (February 1836), 195-203. a quoted extract from N. P. Willis’s Pencillings by the Way (1835) discusses Hogg (pp. 198–99), and maginn’s response to this extract on pp. 200–01 likewise discusses Hogg.</ce:source-text>
</reference>
<reference seq="15">
<ref-info>
<ref-authors>
<author seq="1">
<ce:initials>W.</ce:initials>
<ce:surname>Maginn</ce:surname>
<ce:given-name>William</ce:given-name>
</author>
</ref-authors>
<ref-sourcetitle>Introduction by Oliver Yorke’, in ‘The Ettrick shepherd’s Last Tale, Helen Crocket, with an Introduction by Oliver Yorke</ref-sourcetitle>
<ref-publicationyear first="1836"/>
<volisspag>
<volume-issue-number>
<vol-first>14</vol-first>
</volume-issue-number>
<page-information>
<pages>
<first-page>425</first-page>
<last-page>430</last-page>
</pages>
</page-information>
</volisspag>
<ref-text>425–40</ref-text>
</ref-info>
<ref-fulltext>[maginn, William?], ‘Introduction by oliver Yorke’, in ‘The ettrick shepherd’s Last Tale, Helen Crocket, with an Introduction by oliver Yorke’, FM, 14 (october 1836), 425–40, (pp. 425–30).</ref-fulltext>
<ce:source-text>[maginn, William?], ‘Introduction by oliver Yorke’, in ‘The ettrick shepherd’s Last Tale, Helen Crocket, with an Introduction by oliver Yorke’, FM, 14 (october 1836), 425–40, (pp. 425–30).</ce:source-text>
</reference>
</bibliography>
</tail>
</bibrecord>
</unit-content>
</unit></units>