<?xml version="1.0" encoding="utf-8"?><units xmlns="http://www.elsevier.com/xml/ani/ani" xmlns:xsi="http://www.w3.org/2001/XMLSchema-instance" xmlns:ce="http://www.elsevier.com/xml/ani/common" xsi:schemaLocation="http://www.elsevier.com/xml/ani/ani http://www.elsevier.com/xml/ani/ani515-input.xsd">
<unit type="BATCH">
<unit-info>
<unit-id>1</unit-id>
<order-id>1</order-id>
<parcel-id>none</parcel-id>
<supplier-id>5</supplier-id>
<timestamp>2025-08-08T18:29:57</timestamp>
</unit-info>
<unit-content>
<bibrecord>
<item-info>
<status state="new" stage="S300"/>
<itemidlist>
<ce:doi>10.1515/9783111392721</ce:doi>
<itemid idtype="TPB-ID">20252000338929</itemid>
</itemidlist>
</item-info>
<head>
<citation-info>
<citation-type code="bk"/>
<citation-language xml:lang="ENG"/>
<abstract-language xml:lang="ENG"/>
<author-keywords>
<author-keyword>Wither</author-keyword>
<author-keyword>George *1588-1667*</author-keyword>
</author-keywords>
</citation-info>
<citation-title>
<titletext xml:lang="ENG" original="y">The later career of George Wither</titletext>
</citation-title>
<author-group seq="1">
<author seq="1">
<ce:initials>C.S.</ce:initials>
<ce:surname>Hensley</ce:surname>
<ce:given-name>Charles Stanley</ce:given-name>
</author>
<affiliation>
<organization>Chicago State College</organization>
<country iso-code="USA"/>
<ce:source-text>Chicago State College</ce:source-text>
</affiliation>
</author-group>
<correspondence>
<person>
<ce:initials>C.S.</ce:initials>
<ce:surname>Hensley</ce:surname>
<ce:given-name>Charles Stanley</ce:given-name>
</person>
<affiliation>
<organization>Chicago State College</organization>
<country iso-code="USA"/>
<ce:source-text>Chicago State College</ce:source-text>
</affiliation>
</correspondence>
<abstracts>
<abstract xml:lang="ENG" original="y">
<publishercopyright>© 1969 in The Netherlands. Mouton &amp; Co. N.V., Publishers, The Hague.</publishercopyright>
<ce:para>Topics: Linguistics and Semiotics, Theoretical Frameworks and Disciplines, General Linguistics.</ce:para>
</abstract>
</abstracts>
<source type="book" country="NLD">
<sourcetitle>The later career of George Wither</sourcetitle>
<sourcetitle-abbrev>The later career of George Wither</sourcetitle-abbrev>
<isbn type="print" length="13">9783111030227</isbn>
<isbn type="electronic" length="13">9783111392721</isbn>
<volisspag>
<page-information>
<pages>
<first-page>1</first-page>
<last-page>156</last-page>
</pages>
</page-information>
</volisspag>
<publicationyear first="2015"/>
<publicationdate>
<year>2015</year>
<month>01</month>
<day>01</day>
</publicationdate>
<website type="item">
<ce:e-address type="url">https://www.degruyterbrill.com/document/doi/10.1515/9783111392721/html</ce:e-address>
</website>
<publisher>
<publishername>De Gruyter</publishername>
</publisher>
</source>
<enhancement>
<classificationgroup>
<classifications type="ASJC">
<classification>
<classification-code>1200</classification-code>
<classification-code>3300</classification-code>
</classification>
</classifications>
</classificationgroup>
</enhancement>
</head>
<tail>
<bibliography refcount="75">
<reference seq="1">
<ref-info>
<ref-title>
<ref-titletext-english>The Rise of Formal Satire in England Under Classical Influence. University of Pennsylvania Publications in Philology</ref-titletext-english>
</ref-title>
<ref-authors>
<author seq="1">
<ce:initials>R.</ce:initials>
<ce:surname>Alden</ce:surname>
<ce:given-name>Raymond</ce:given-name>
</author>
</ref-authors>
<ref-sourcetitle>Literature, and Archaeology</ref-sourcetitle>
<ref-publicationyear first="1899"/>
<volisspag>
<volume-issue-number>
<vol-first>7</vol-first>
<iss-first>2</iss-first>
</volume-issue-number>
</volisspag>
<ref-text>Philadelphia, University of Pennsylvania Press</ref-text>
</ref-info>
<ref-fulltext>Alden, Raymond, The Rise of Formal Satire in England Under Classical Influence. University of Pennsylvania Publications in Philology, Literature, and Archaeology, Vol. VII, No. 2 (Philadelphia, University of Pennsylvania Press, 1899).</ref-fulltext>
<ce:source-text>Alden, Raymond, The Rise of Formal Satire in England Under Classical Influence. University of Pennsylvania Publications in Philology, Literature, and Archaeology, Vol. VII, No. 2 (Philadelphia, University of Pennsylvania Press, 1899).</ce:source-text>
</reference>
<reference seq="2">
<ref-info>
<ref-authors>
<author seq="1">
<ce:initials>P.B.</ce:initials>
<ce:surname>Anderson</ce:surname>
</author>
</ref-authors>
<ref-sourcetitle>"George Wither and the 'Regalia"</ref-sourcetitle>
<ref-publicationyear first="1935"/>
<volisspag>
<page-information>
<pages>
<first-page>366</first-page>
<last-page>368</last-page>
</pages>
</page-information>
</volisspag>
<ref-text>XIV (October</ref-text>
</ref-info>
<ref-fulltext>Anderson, P. B., "George Wither and the 'Regalia", Philological Quarterly, XIV (October, 1935), 366-368.</ref-fulltext>
<ce:source-text>Anderson, P. B., "George Wither and the 'Regalia", Philological Quarterly, XIV (October, 1935), 366-368.</ce:source-text>
</reference>
<reference seq="3">
<ref-info>
<ref-authors>
<author seq="1">
<ce:initials>A.</ce:initials>
<ce:surname>Andrews</ce:surname>
</author>
</ref-authors>
<ref-sourcetitle>History of British Journalism, from the Foundation of the Newspaper Press in England, to the Repeal of the Stamp Act in 1855</ref-sourcetitle>
<ref-publicationyear first="1859"/>
<volisspag>
<volume-issue-number>
<vol-first>1</vol-first>
</volume-issue-number>
</volisspag>
<ref-text>London, R. Bentley</ref-text>
</ref-info>
<ref-fulltext>Andrews, A., History of British Journalism, from the Foundation of the Newspaper Press in England, to the Repeal of the Stamp Act in 1855, Vol. I (London, R. Bentley, 1859).</ref-fulltext>
<ce:source-text>Andrews, A., History of British Journalism, from the Foundation of the Newspaper Press in England, to the Repeal of the Stamp Act in 1855, Vol. I (London, R. Bentley, 1859).</ce:source-text>
</reference>
<reference seq="4">
<ref-info>
<ref-authors>
<author seq="1">
<ce:initials>J.W.</ce:initials>
<ce:surname>Atkins</ce:surname>
</author>
</ref-authors>
<ref-sourcetitle>English Literary Criticism: The Renascence</ref-sourcetitle>
<ref-publicationyear first="1947"/>
<ref-text>London, Methuen &amp; Company</ref-text>
</ref-info>
<ref-fulltext>Atkins, J. W., English Literary Criticism: The Renascence (London, Methuen &amp; Company, 1947).</ref-fulltext>
<ce:source-text>Atkins, J. W., English Literary Criticism: The Renascence (London, Methuen &amp; Company, 1947).</ce:source-text>
</reference>
<reference seq="5">
<ref-info>
<ref-authors>
<author seq="1">
<ce:initials>R.</ce:initials>
<ce:surname>Bigg-Wither</ce:surname>
<ce:given-name>Rev.</ce:given-name>
</author>
</ref-authors>
<ref-sourcetitle>Reginald, Materials for a History of the Wither Family</ref-sourcetitle>
<ref-publicationyear first="1907"/>
<ref-text>Wincester, Warren &amp; Son</ref-text>
</ref-info>
<ref-fulltext>Bigg-Wither, Rev. Reginald, Materials for a History of the Wither Family (Wincester, Warren &amp; Son, 1907).</ref-fulltext>
<ce:source-text>Bigg-Wither, Rev. Reginald, Materials for a History of the Wither Family (Wincester, Warren &amp; Son, 1907).</ce:source-text>
</reference>
<reference seq="6">
<ref-info>
<ref-authors>
<author seq="1">
<ce:initials>P.</ce:initials>
<ce:surname>Bliss</ce:surname>
</author>
</ref-authors>
<ref-sourcetitle>Anthony à Wood's Athenae Oxoniensis</ref-sourcetitle>
<ref-publicationyear first="1817"/>
<volisspag>
<volume-issue-number>
<vol-first>2</vol-first>
</volume-issue-number>
</volisspag>
<ref-text>&amp; III (London, F. C. &amp; J. Rivington</ref-text>
</ref-info>
<ref-fulltext>Bliss, P. (ed.), Anthony à Wood's Athenae Oxoniensis, Vols. II &amp; III (London, F. C. &amp; J. Rivington, 1817).</ref-fulltext>
<ce:source-text>Bliss, P. (ed.), Anthony à Wood's Athenae Oxoniensis, Vols. II &amp; III (London, F. C. &amp; J. Rivington, 1817).</ce:source-text>
</reference>
<reference seq="7">
<ref-info>
<ref-authors>
<author seq="1">
<ce:initials>C.</ce:initials>
<ce:surname>Burkhard</ce:surname>
<ce:given-name>Carl</ce:given-name>
</author>
</ref-authors>
<ref-sourcetitle>Nemesius: Nemesii Episcopi Premnon Physicon</ref-sourcetitle>
<ref-publicationyear first="1917"/>
<ref-text>(ed.), Leipzig, Teubner</ref-text>
</ref-info>
<ref-fulltext>Burkhard, Carl (ed.), Nemesius: Nemesii Episcopi Premnon Physicon (Leipzig, Teubner, 1917).</ref-fulltext>
<ce:source-text>Burkhard, Carl (ed.), Nemesius: Nemesii Episcopi Premnon Physicon (Leipzig, Teubner, 1917).</ce:source-text>
</reference>
<reference seq="8">
<ref-info>
<ref-authors>
<author seq="1">
<ce:initials>D.</ce:initials>
<ce:surname>Bush</ce:surname>
<ce:given-name>Douglas</ce:given-name>
</author>
</ref-authors>
<ref-sourcetitle>English Literature in the Earlier Seventeenth Century, 1600-1660</ref-sourcetitle>
<ref-publicationyear first="1945"/>
<ref-text>(London, Oxford University Press</ref-text>
</ref-info>
<ref-fulltext>Bush, Douglas, English Literature in the Earlier Seventeenth Century, 1600-1660 (London, Oxford University Press, 1945).</ref-fulltext>
<ce:source-text>Bush, Douglas, English Literature in the Earlier Seventeenth Century, 1600-1660 (London, Oxford University Press, 1945).</ce:source-text>
</reference>
<reference seq="9">
<ref-info>
<ref-title>
<ref-titletext-english>George Wither: A Troublesome Litigious Man</ref-titletext-english>
</ref-title>
<ref-authors>
<author seq="1">
<ce:initials>N.</ce:initials>
<ce:surname>Carlson</ce:surname>
<ce:given-name>Norman</ce:given-name>
</author>
</ref-authors>
<ref-sourcetitle>Dissertation Abstracts</ref-sourcetitle>
<ref-publicationyear first="1962"/>
<volisspag>
<page-information>
<pages>
<first-page>XXXIII</first-page>
</pages>
</page-information>
</volisspag>
</ref-info>
<ref-fulltext>Carlson, Norman, "George Wither: A Troublesome Litigious Man", Dissertation Abstracts, XXXIII (1962).</ref-fulltext>
<ce:source-text>Carlson, Norman, "George Wither: A Troublesome Litigious Man", Dissertation Abstracts, XXXIII (1962).</ce:source-text>
</reference>
<reference seq="10">
<ref-info>
<ref-authors>
<author seq="1">
<ce:initials>M.</ce:initials>
<ce:surname>Chute</ce:surname>
<ce:given-name>Marchette</ce:given-name>
</author>
</ref-authors>
<ref-sourcetitle>Ben Jonson of Westminster (New York</ref-sourcetitle>
<ref-publicationyear first="1963"/>
</ref-info>
<ref-fulltext>Chute, Marchette, Ben Jonson of Westminster (New York, 1963).</ref-fulltext>
<ce:source-text>Chute, Marchette, Ben Jonson of Westminster (New York, 1963).</ce:source-text>
</reference>
<reference seq="11">
<ref-info>
<ref-authors>
<author seq="1">
<ce:initials>A.</ce:initials>
<ce:surname>Clark</ce:surname>
</author>
</ref-authors>
<ref-sourcetitle>John Aubrey's Brief Lives</ref-sourcetitle>
<ref-publicationyear first="1898"/>
<volisspag>
<volume-issue-number>
<vol-first>1</vol-first>
</volume-issue-number>
</volisspag>
<ref-text>&amp; II (Oxford, The Clarendon Press</ref-text>
</ref-info>
<ref-fulltext>Clark, A. (ed.), John Aubrey's Brief Lives, Vols. I &amp; II (Oxford, The Clarendon Press, 1898).</ref-fulltext>
<ce:source-text>Clark, A. (ed.), John Aubrey's Brief Lives, Vols. I &amp; II (Oxford, The Clarendon Press, 1898).</ce:source-text>
</reference>
<reference seq="12">
<ref-info>
<ref-authors>
<author seq="1">
<ce:initials>W.</ce:initials>
<ce:surname>Clyde</ce:surname>
<ce:given-name>William</ce:given-name>
</author>
</ref-authors>
<ref-sourcetitle>Struggle for the Freedom of the Press from Caxton to Cromwell</ref-sourcetitle>
<ref-publicationyear first="1934"/>
<volisspag>
<volume-issue-number>
<iss-first>37</iss-first>
</volume-issue-number>
</volisspag>
<ref-text>(St. Andrew's University Publications, London, Oxford University Press</ref-text>
</ref-info>
<ref-fulltext>Clyde, William, Struggle for the Freedom of the Press from Caxton to Cromwell (St. Andrew's University Publications No. 37) (London, Oxford University Press, 1934).</ref-fulltext>
<ce:source-text>Clyde, William, Struggle for the Freedom of the Press from Caxton to Cromwell (St. Andrew's University Publications No. 37) (London, Oxford University Press, 1934).</ce:source-text>
</reference>
<reference seq="13">
<ref-info>
<ref-authors>
<author seq="1">
<ce:initials>W.J.</ce:initials>
<ce:surname>Courthope</ce:surname>
</author>
</ref-authors>
<ref-sourcetitle>History of English Poetry</ref-sourcetitle>
<ref-publicationyear first="1903"/>
<volisspag>
<volume-issue-number>
<vol-first>4</vol-first>
</volume-issue-number>
</volisspag>
<ref-text>London, Macmillan Company, Ltd</ref-text>
</ref-info>
<ref-fulltext>Courthope, W. J., History of English Poetry, Vol. IIII (London, Macmillan Company, Ltd., 1903).</ref-fulltext>
<ce:source-text>Courthope, W. J., History of English Poetry, Vol. IIII (London, Macmillan Company, Ltd., 1903).</ce:source-text>
</reference>
<reference seq="14">
<ref-info>
<ref-authors>
<author seq="1">
<ce:initials>S.H.</ce:initials>
<ce:surname>De</ce:surname>
<ce:given-name>Selincourt Hugh</ce:given-name>
</author>
<author seq="2">
<ce:initials>A.</ce:initials>
<ce:surname>Ward</ce:surname>
</author>
<author seq="3">
<ce:initials>A.</ce:initials>
<ce:surname>Waller</ce:surname>
</author>
</ref-authors>
<ref-sourcetitle>"The Successors of Spenser", Prose and Poetry from Sir Thomas North to Michael Drayton (The Cambridge History of English Literature, IV)</ref-sourcetitle>
<ref-publicationyear first="1910"/>
<volisspag>
<page-information>
<pages>
<first-page>177</first-page>
<last-page>181</last-page>
</pages>
</page-information>
</volisspag>
<ref-text>New York, G. P. Putnam's Sons</ref-text>
</ref-info>
<ref-fulltext>De Selincourt, Hugh, "The Successors of Spenser", Prose and Poetry from Sir Thomas North to Michael Drayton (The Cambridge History of English Literature, IV), 177-181. Edited by A. Ward &amp; A. Waller (New York, G. P. Putnam's Sons, 1910).</ref-fulltext>
<ce:source-text>De Selincourt, Hugh, "The Successors of Spenser", Prose and Poetry from Sir Thomas North to Michael Drayton (The Cambridge History of English Literature, IV), 177-181. Edited by A. Ward &amp; A. Waller (New York, G. P. Putnam's Sons, 1910).</ce:source-text>
</reference>
<reference seq="15">
<ref-info>
<ref-authors>
<author seq="1">
<ce:initials>E.</ce:initials>
<ce:surname>Dowden</ce:surname>
<ce:given-name>Edward</ce:given-name>
</author>
</ref-authors>
<ref-sourcetitle>Puritan and Anglican. Studies in Literature (London, Paul</ref-sourcetitle>
<ref-publicationyear first="1900"/>
<ref-text>French, Trubner</ref-text>
</ref-info>
<ref-fulltext>Dowden, Edward, Puritan and Anglican. Studies in Literature (London, Paul, French, Trubner, 1900).</ref-fulltext>
<ce:source-text>Dowden, Edward, Puritan and Anglican. Studies in Literature (London, Paul, French, Trubner, 1900).</ce:source-text>
</reference>
<reference seq="16">
<ref-info>
<ref-title>
<ref-titletext-english>"Magdalen College Library"</ref-titletext-english>
</ref-title>
<ref-authors>
<author seq="1">
<ce:initials>G.D.</ce:initials>
<ce:surname>Driver</ce:surname>
</author>
</ref-authors>
<ref-sourcetitle>Oxford Bibliographical Society</ref-sourcetitle>
<ref-publicationyear first="1927" last="1930"/>
<volisspag>
<volume-issue-number>
<vol-first>2</vol-first>
</volume-issue-number>
<page-information>
<pages>
<first-page>147</first-page>
</pages>
</page-information>
</volisspag>
</ref-info>
<ref-fulltext>Driver, G. D., "Magdalen College Library", Oxford Bibliographical Society, II (1927-1930), 147.</ref-fulltext>
<ce:source-text>Driver, G. D., "Magdalen College Library", Oxford Bibliographical Society, II (1927-1930), 147.</ce:source-text>
</reference>
<reference seq="17">
<ref-info>
<ref-authors>
<author seq="1">
<ce:initials>S.C.</ce:initials>
<ce:surname>Firth</ce:surname>
<ce:given-name>Sir Charles</ce:given-name>
</author>
</ref-authors>
<ref-sourcetitle>The Last Years of the Protectorate</ref-sourcetitle>
<ref-publicationyear first="1909"/>
<volisspag>
<volume-issue-number>
<vol-first>1</vol-first>
</volume-issue-number>
<page-information>
<pages>
<first-page>1655</first-page>
<last-page>1658</last-page>
</pages>
</page-information>
</volisspag>
<ref-text>London, Longmans, Green &amp; Company</ref-text>
</ref-info>
<ref-fulltext>Firth, Sir Charles, The Last Years of the Protectorate, 1655-1658. Vol. I (London, Longmans, Green &amp; Company, 1909).</ref-fulltext>
<ce:source-text>Firth, Sir Charles, The Last Years of the Protectorate, 1655-1658. Vol. I (London, Longmans, Green &amp; Company, 1909).</ce:source-text>
</reference>
<reference seq="18">
<ref-info>
<ref-authors>
<author seq="1">
<ce:initials>S.C.</ce:initials>
<ce:surname>Firth</ce:surname>
<ce:given-name>Sir Charles</ce:given-name>
</author>
</ref-authors>
<ref-sourcetitle>Oliver Cromwell and the Rule of the Puritans in England</ref-sourcetitle>
<ref-publicationyear first="1924"/>
<ref-text>(London, Oxford University Press</ref-text>
</ref-info>
<ref-fulltext>Firth, Sir Charles, Oliver Cromwell and the Rule of the Puritans in England (London, Oxford University Press, 1924).</ref-fulltext>
<ce:source-text>Firth, Sir Charles, Oliver Cromwell and the Rule of the Puritans in England (London, Oxford University Press, 1924).</ce:source-text>
</reference>
<reference seq="19">
<ref-info>
<ref-title>
<ref-titletext-english>George Wither</ref-titletext-english>
</ref-title>
<ref-authors>
<author seq="1">
<ce:initials>S.C.</ce:initials>
<ce:surname>Firth</ce:surname>
<ce:given-name>Sir Charles</ce:given-name>
</author>
</ref-authors>
<ref-sourcetitle>Review of English Studies</ref-sourcetitle>
<ref-publicationyear first="1926"/>
<volisspag>
<page-information>
<pages>
<first-page>457</first-page>
<last-page>459</last-page>
</pages>
</page-information>
</volisspag>
<ref-text>II (Oct.</ref-text>
</ref-info>
<ref-fulltext>Firth, Sir Charles, "George Wither", Review of English Studies, II (Oct., 1926), 457-459.</ref-fulltext>
<ce:source-text>Firth, Sir Charles, "George Wither", Review of English Studies, II (Oct., 1926), 457-459.</ce:source-text>
</reference>
<reference seq="20">
<ref-info>
<ref-title>
<ref-titletext-english>A Note on George Wither</ref-titletext-english>
</ref-title>
<ref-authors>
<author seq="1">
<ce:initials>A.</ce:initials>
<ce:surname>Freeman</ce:surname>
<ce:given-name>Arthur</ce:given-name>
</author>
</ref-authors>
<ref-sourcetitle>Notes and Queries, N. S.</ref-sourcetitle>
<volisspag>
<volume-issue-number>
<vol-first>7</vol-first>
</volume-issue-number>
<page-information>
<pages>
<first-page>407</first-page>
<last-page>408</last-page>
</pages>
</page-information>
</volisspag>
</ref-info>
<ref-fulltext>Freeman, Arthur, "A Note on George Wither", Notes and Queries, n. s., VII, 407-408.</ref-fulltext>
<ce:source-text>Freeman, Arthur, "A Note on George Wither", Notes and Queries, n. s., VII, 407-408.</ce:source-text>
</reference>
<reference seq="21">
<ref-info>
<ref-authors>
<author seq="1">
<ce:initials>R.</ce:initials>
<ce:surname>Freeman</ce:surname>
<ce:given-name>Rosemary</ce:given-name>
</author>
</ref-authors>
<ref-sourcetitle>English Emblem Books</ref-sourcetitle>
<ref-publicationyear first="1948"/>
<ref-text>(London, Chatto &amp; Windus</ref-text>
</ref-info>
<ref-fulltext>Freeman, Rosemary, English Emblem Books (London, Chatto &amp; Windus, 1948).</ref-fulltext>
<ce:source-text>Freeman, Rosemary, English Emblem Books (London, Chatto &amp; Windus, 1948).</ce:source-text>
</reference>
<reference seq="22">
<ref-info>
<ref-authors>
<author seq="1">
<ce:initials>J.M.</ce:initials>
<ce:surname>French</ce:surname>
</author>
</ref-authors>
<ref-sourcetitle>"George Wither". Unpublished Ph.D. Dissertation, Department of English, Harvard University</ref-sourcetitle>
<ref-publicationyear first="1928"/>
<ref-text>Microfilm, University of Missouri Library)</ref-text>
</ref-info>
<ref-fulltext>French, J. M., "George Wither". Unpublished Ph.D. dissertation, Department of English, Harvard University, 1928 (Microfilm, University of Missouri Library).</ref-fulltext>
<ce:source-text>French, J. M., "George Wither". Unpublished Ph.D. dissertation, Department of English, Harvard University, 1928 (Microfilm, University of Missouri Library).</ce:source-text>
</reference>
<reference seq="23">
<ref-info>
<ref-authors>
<author seq="1">
<ce:initials>J.M.</ce:initials>
<ce:surname>French</ce:surname>
</author>
</ref-authors>
<ref-sourcetitle>"George Wither in Prison"</ref-sourcetitle>
<ref-publicationyear first="1930"/>
<volisspag>
<page-information>
<pages>
<first-page>959</first-page>
<last-page>966</last-page>
</pages>
</page-information>
</volisspag>
<ref-text>Publications of the Modern Language Association, XLV (December</ref-text>
</ref-info>
<ref-fulltext>French, J. M., "George Wither in Prison", Publications of the Modern Language Association, XLV (December, 1930), 959-966.</ref-fulltext>
<ce:source-text>French, J. M., "George Wither in Prison", Publications of the Modern Language Association, XLV (December, 1930), 959-966.</ce:source-text>
</reference>
<reference seq="24">
<ref-info>
<ref-authors>
<author seq="1">
<ce:initials>J.M.</ce:initials>
<ce:surname>French</ce:surname>
</author>
</ref-authors>
<ref-sourcetitle>"Four Scarce Poems of George Wither"</ref-sourcetitle>
<ref-publicationyear first="1931"/>
<volisspag>
<page-information>
<pages>
<first-page>91</first-page>
<last-page>121</last-page>
</pages>
</page-information>
</volisspag>
<ref-text>Huntington Library Bulletin, II (May</ref-text>
</ref-info>
<ref-fulltext>French, J. M., "Four Scarce Poems of George Wither", Huntington Library Bulletin, II (May, 1931), 91-121.</ref-fulltext>
<ce:source-text>French, J. M., "Four Scarce Poems of George Wither", Huntington Library Bulletin, II (May, 1931), 91-121.</ce:source-text>
</reference>
<reference seq="25">
<ref-info>
<ref-authors>
<author seq="1">
<ce:initials>J.M.</ce:initials>
<ce:surname>French</ce:surname>
</author>
</ref-authors>
<ref-sourcetitle>"Two Notes on Milton and Wither"</ref-sourcetitle>
<ref-publicationyear first="1954"/>
<volisspag>
<page-information>
<pages>
<first-page>472</first-page>
<last-page>473</last-page>
</pages>
</page-information>
</volisspag>
<ref-text>Notes and Queries, I (November</ref-text>
</ref-info>
<ref-fulltext>French, J. M., "Two Notes on Milton and Wither", Notes and Queries, I (November, 1954), 472-473.</ref-fulltext>
<ce:source-text>French, J. M., "Two Notes on Milton and Wither", Notes and Queries, I (November, 1954), 472-473.</ce:source-text>
</reference>
<reference seq="26">
<ref-info>
<ref-authors>
<author seq="1">
<ce:initials>J.M.</ce:initials>
<ce:surname>French</ce:surname>
</author>
</ref-authors>
<ref-sourcetitle>"Thorn Drury's Notes on Wither"</ref-sourcetitle>
<ref-publicationyear first="1960"/>
<volisspag>
<page-information>
<pages>
<first-page>379</first-page>
<last-page>388</last-page>
</pages>
</page-information>
</volisspag>
<ref-text>Huntington Library Quarterly, XXIII (August</ref-text>
</ref-info>
<ref-fulltext>French, J. M., "Thorn Drury's Notes on Wither", Huntington Library Quarterly, XXIII (August, 1960), 379-388.</ref-fulltext>
<ce:source-text>French, J. M., "Thorn Drury's Notes on Wither", Huntington Library Quarterly, XXIII (August, 1960), 379-388.</ce:source-text>
</reference>
<reference seq="27">
<ref-info>
<ref-authors>
<author seq="1">
<ce:initials>S.R.</ce:initials>
<ce:surname>Gardiner</ce:surname>
<ce:given-name>Samuel R.</ce:given-name>
</author>
</ref-authors>
<ref-sourcetitle>History of England from the Accession of James I to the Outbreak of the Civil War</ref-sourcetitle>
<ref-publicationyear first="1884"/>
<volisspag>
<volume-issue-number>
<vol-first>8</vol-first>
</volume-issue-number>
<page-information>
<pages>
<first-page>1603</first-page>
<last-page>1642</last-page>
</pages>
</page-information>
</volisspag>
<ref-text>London, Longmans, Green, &amp; Company</ref-text>
</ref-info>
<ref-fulltext>Gardiner, Samuel R., History of England From the Accession of James I to the Outbreak of the Civil War, 1603-1642, Vol. VIII (London, Longmans, Green, &amp; Company, 1884).</ref-fulltext>
<ce:source-text>Gardiner, Samuel R., History of England From the Accession of James I to the Outbreak of the Civil War, 1603-1642, Vol. VIII (London, Longmans, Green, &amp; Company, 1884).</ce:source-text>
</reference>
<reference seq="28">
<ref-info>
<ref-title>
<ref-titletext-english>G., "Mr. Urban Stamford", Gentleman's Magazine, LXX</ref-titletext-english>
</ref-title>
<ref-authors>
<author seq="1">
<ce:initials>O.</ce:initials>
<ce:surname>Gilchrist</ce:surname>
</author>
</ref-authors>
<ref-sourcetitle>Pt. 4 (December</ref-sourcetitle>
<ref-publicationyear first="1800"/>
<volisspag>
<page-information>
<pages>
<first-page>1149</first-page>
<last-page>1152</last-page>
</pages>
</page-information>
</volisspag>
</ref-info>
<ref-fulltext>Gilchrist, O. G., "Mr. Urban Stamford", Gentleman's Magazine, LXX, Pt. 4 (December, 1800), 1149-52.</ref-fulltext>
<ce:source-text>Gilchrist, O. G., "Mr. Urban Stamford", Gentleman's Magazine, LXX, Pt. 4 (December, 1800), 1149-52.</ce:source-text>
</reference>
<reference seq="29">
<ref-info>
<ref-authors>
<author seq="1">
<ce:initials>G.</ce:initials>
<ce:surname>Goodwin</ce:surname>
<ce:given-name>Gordon</ce:given-name>
</author>
</ref-authors>
<ref-sourcetitle>The Poems of William Browne of Tavistock</ref-sourcetitle>
<ref-publicationyear first="1894"/>
<volisspag>
<volume-issue-number>
<vol-first>1</vol-first>
</volume-issue-number>
</volisspag>
<ref-text>(ed.), &amp; II (London, A. H. Bullen</ref-text>
</ref-info>
<ref-fulltext>Goodwin, Gordon (ed.), The Poems of William Browne of Tavistock, Vols. I &amp; II (London, A. H. Bullen, 1894).</ref-fulltext>
<ce:source-text>Goodwin, Gordon (ed.), The Poems of William Browne of Tavistock, Vols. I &amp; II (London, A. H. Bullen, 1894).</ce:source-text>
</reference>
<reference seq="30">
<ref-info>
<ref-authors>
<author seq="1">
<ce:initials>E.</ce:initials>
<ce:surname>Gosse</ce:surname>
<ce:given-name>Edmund</ce:given-name>
</author>
</ref-authors>
<ref-sourcetitle>Gossip in a Library</ref-sourcetitle>
<ref-publicationyear first="1914"/>
<ref-text>New York, Scribner's</ref-text>
</ref-info>
<ref-fulltext>Gosse, Edmund, Gossip in A Library (New York, Scribner's, 1914).</ref-fulltext>
<ce:source-text>Gosse, Edmund, Gossip in A Library (New York, Scribner's, 1914).</ce:source-text>
</reference>
<reference seq="31">
<ref-info>
<ref-authors>
<author seq="1">
<ce:initials>W.W.</ce:initials>
<ce:surname>Greg</ce:surname>
</author>
</ref-authors>
<ref-sourcetitle>Pastoral Poetry and Pastoral Drama</ref-sourcetitle>
<ref-publicationyear first="1906"/>
<ref-text>London, A. A. Bullen</ref-text>
</ref-info>
<ref-fulltext>Greg, W. W., Pastoral Poetry and Pastoral Drama (London, A. A. Bullen, 1906).</ref-fulltext>
<ce:source-text>Greg, W. W., Pastoral Poetry and Pastoral Drama (London, A. A. Bullen, 1906).</ce:source-text>
</reference>
<reference seq="32">
<ref-info>
<ref-authors>
<author seq="1">
<ce:initials>A.</ce:initials>
<ce:surname>Grosart</ce:surname>
</author>
</ref-authors>
<ref-sourcetitle>Complete Works of Joshua Sylvester</ref-sourcetitle>
<ref-publicationyear first="1880"/>
<volisspag>
<volume-issue-number>
<vol-first>2</vol-first>
</volume-issue-number>
</volisspag>
<ref-text>(ed.), (London</ref-text>
</ref-info>
<ref-fulltext>Grosart, A. (ed.), Complete Works of Joshua Sylvester, Vol. II (London, 1880).</ref-fulltext>
<ce:source-text>Grosart, A. (ed.), Complete Works of Joshua Sylvester, Vol. II (London, 1880).</ce:source-text>
</reference>
<reference seq="33">
<ref-info>
<ref-authors>
<author seq="1">
<ce:initials>W.</ce:initials>
<ce:surname>Haller</ce:surname>
<ce:given-name>William</ce:given-name>
</author>
</ref-authors>
<ref-sourcetitle>Tracts on Liberty in the Puritan Revolution (1638-1647), 3 Vols.</ref-sourcetitle>
<ref-publicationyear first="1934"/>
<ref-text>(ed.), (New York, Columbia University Press</ref-text>
</ref-info>
<ref-fulltext>Haller, William (ed.), Tracts on Liberty in the Puritan Revolution (1638-1647), 3 vols. (New York, Columbia University Press, 1934).</ref-fulltext>
<ce:source-text>Haller, William (ed.), Tracts on Liberty in the Puritan Revolution (1638-1647), 3 vols. (New York, Columbia University Press, 1934).</ce:source-text>
</reference>
<reference seq="34">
<ref-info>
<ref-authors>
<author seq="1">
<ce:initials>W.</ce:initials>
<ce:surname>Hebel</ce:surname>
</author>
<author seq="2">
<ce:initials>H.</ce:initials>
<ce:surname>Hudson</ce:surname>
</author>
<author seq="3">
<ce:initials>F.</ce:initials>
<ce:surname>Johnson</ce:surname>
</author>
<author seq="4">
<ce:initials>A.</ce:initials>
<ce:surname>Green</ce:surname>
</author>
</ref-authors>
<ref-sourcetitle>Prose of the English Renaissance</ref-sourcetitle>
<ref-publicationyear first="1952"/>
<ref-text>New York, Appleton-Century-Crofts</ref-text>
</ref-info>
<ref-fulltext>Hebel, W., Hudson, H., Johnson, F., and Green, A. (eds.), Prose of the English Renaissance (New York, Appleton-Century-Crofts, 1952).</ref-fulltext>
<ce:source-text>Hebel, W., Hudson, H., Johnson, F., and Green, A. (eds.), Prose of the English Renaissance (New York, Appleton-Century-Crofts, 1952).</ce:source-text>
</reference>
<reference seq="35">
<ref-info>
<ref-title>
<ref-titletext-english>"Wither's Service to Britain after 1625". Unpublished Ph.D. dissertation, Department of English, University of Missouri, 1958</ref-titletext-english>
</ref-title>
<ref-authors>
<author seq="1">
<ce:initials>C.</ce:initials>
<ce:surname>Hensley</ce:surname>
<ce:given-name>Charles</ce:given-name>
</author>
</ref-authors>
<ref-sourcetitle>Dissertation Abstracts</ref-sourcetitle>
<volisspag>
<page-information>
<pages>
<first-page>XIX</first-page>
</pages>
</page-information>
</volisspag>
</ref-info>
<ref-fulltext>Hensley, Charles, "Wither's Service to Britain after 1625". Unpublished Ph.D. dissertation, Department of English, University of Missouri, 1958. Dissertation Abstracts, XIX, 2351.</ref-fulltext>
<ce:source-text>Hensley, Charles, "Wither's Service to Britain after 1625". Unpublished Ph.D. dissertation, Department of English, University of Missouri, 1958. Dissertation Abstracts, XIX, 2351.</ce:source-text>
</reference>
<reference seq="36">
<ref-info>
<ref-authors>
<author seq="1">
<ce:initials>C.</ce:initials>
<ce:surname>Hensley</ce:surname>
<ce:given-name>Charles</ce:given-name>
</author>
</ref-authors>
<ref-sourcetitle>"Wither's Career as Prophet, Humanist, Political and Religious Pamphleteer after 1625"</ref-sourcetitle>
<ref-publicationyear first="1961"/>
<volisspag>
<volume-issue-number>
<vol-first>19</vol-first>
</volume-issue-number>
<page-information>
<pages>
<first-page>16</first-page>
</pages>
</page-information>
</volisspag>
<ref-text>Seventeenth Century News, Summer</ref-text>
</ref-info>
<ref-fulltext>Hensley, Charles, "Wither's Career as Prophet, Humanist, Political and Religious Pamphleteer after 1625", Seventeenth Century News, Vol. XIX (Summer, 1961), 16.</ref-fulltext>
<ce:source-text>Hensley, Charles, "Wither's Career as Prophet, Humanist, Political and Religious Pamphleteer after 1625", Seventeenth Century News, Vol. XIX (Summer, 1961), 16.</ce:source-text>
</reference>
<reference seq="37">
<ref-info>
<ref-authors>
<author seq="1">
<ce:initials>C.</ce:initials>
<ce:surname>Hensley</ce:surname>
<ce:given-name>Charles</ce:given-name>
</author>
</ref-authors>
<ref-sourcetitle>"George Wither as Humanist"</ref-sourcetitle>
<ref-publicationyear first="1963"/>
<volisspag>
<page-information>
<pages>
<first-page>45</first-page>
<last-page>53</last-page>
</pages>
</page-information>
</volisspag>
<ref-text>LIT, No. IV (Spring</ref-text>
</ref-info>
<ref-fulltext>Hensley, Charles, "George Wither as Humanist", LIT, No. IV (Spring, 1963), 45-53.</ref-fulltext>
<ce:source-text>Hensley, Charles, "George Wither as Humanist", LIT, No. IV (Spring, 1963), 45-53.</ce:source-text>
</reference>
<reference seq="38">
<ref-info>
<ref-title>
<ref-titletext-english>The Divine Science</ref-titletext-english>
</ref-title>
<ref-authors>
<author seq="1">
<ce:initials>L.</ce:initials>
<ce:surname>Jonas</ce:surname>
<ce:given-name>Leah</ce:given-name>
</author>
</ref-authors>
<ref-sourcetitle>The Aesthetic of Some Representative Seventeenth-Century English Poets</ref-sourcetitle>
<ref-publicationyear first="1940"/>
<ref-text>(New York</ref-text>
</ref-info>
<ref-fulltext>Jonas, Leah, The Divine Science, The Aesthetic of Some Representative Seventeenth-Century English Poets (New York, 1940).</ref-fulltext>
<ce:source-text>Jonas, Leah, The Divine Science, The Aesthetic of Some Representative Seventeenth-Century English Poets (New York, 1940).</ce:source-text>
</reference>
<reference seq="39">
<ref-info>
<ref-authors>
<author seq="1">
<ce:initials>W.K.</ce:initials>
<ce:surname>Jordan</ce:surname>
</author>
</ref-authors>
<ref-sourcetitle>The Development of Religious Toleration in England (1603-1640)</ref-sourcetitle>
<ref-publicationyear first="1936"/>
<volisspag>
<volume-issue-number>
<vol-first>2</vol-first>
</volume-issue-number>
</volisspag>
<ref-text>Cambridge, Harvard University Press</ref-text>
</ref-info>
<ref-fulltext>Jordan, W. K., The Development of Religious Toleration in England (1603-1640), Vol. II (Cambridge, Harvard University Press, 1936).</ref-fulltext>
<ce:source-text>Jordan, W. K., The Development of Religious Toleration in England (1603-1640), Vol. II (Cambridge, Harvard University Press, 1936).</ce:source-text>
</reference>
<reference seq="40">
<ref-info>
<ref-authors>
<author seq="1">
<ce:initials>L.H.</ce:initials>
<ce:surname>Kendall</ce:surname>
<ce:given-name>Lyle H.</ce:given-name>
<ce:suffix>Jr.</ce:suffix>
</author>
</ref-authors>
<ref-sourcetitle>"Wither's Authorship of the Great Assises"</ref-sourcetitle>
<ref-publicationyear first="1953"/>
<volisspag>
<page-information>
<pages>
<first-page>102</first-page>
</pages>
</page-information>
</volisspag>
<ref-text>Notes and Queries, CXCVIII (March</ref-text>
</ref-info>
<ref-fulltext>Kendall, Lyle H., Jr., "Wither's Authorship of The Great Assises", Notes and Queries, CXCVIII (March, 1953), 102.</ref-fulltext>
<ce:source-text>Kendall, Lyle H., Jr., "Wither's Authorship of The Great Assises", Notes and Queries, CXCVIII (March, 1953), 102.</ce:source-text>
</reference>
<reference seq="41">
<ref-info>
<ref-authors>
<author seq="1">
<ce:initials>L.H.</ce:initials>
<ce:surname>Kendall</ce:surname>
<ce:given-name>Lyle H.</ce:given-name>
<ce:suffix>Jr.</ce:suffix>
</author>
</ref-authors>
<ref-sourcetitle>"A Letter from John Milton to George Wither"</ref-sourcetitle>
<ref-publicationyear first="1953"/>
<volisspag>
<page-information>
<pages>
<first-page>473</first-page>
</pages>
</page-information>
</volisspag>
<ref-text>Notes and Queries, CXCVIII (November</ref-text>
</ref-info>
<ref-fulltext>Kendall, Lyle H., Jr., "A Letter from John Milton to George Wither", Notes and Queries, CXCVIII (November, 1953), 473.</ref-fulltext>
<ce:source-text>Kendall, Lyle H., Jr., "A Letter from John Milton to George Wither", Notes and Queries, CXCVIII (November, 1953), 473.</ce:source-text>
</reference>
<reference seq="42">
<ref-info>
<ref-title>
<ref-titletext-english>An Unrecorded Prose Pamphlet by George Wither</ref-titletext-english>
</ref-title>
<ref-authors>
<author seq="1">
<ce:initials>L.H.</ce:initials>
<ce:surname>Kendall</ce:surname>
<ce:given-name>Lyle H.</ce:given-name>
<ce:suffix>Jr.</ce:suffix>
</author>
</ref-authors>
<ref-sourcetitle>Huntington Library Quarterly</ref-sourcetitle>
<ref-publicationyear first="1957"/>
<volisspag>
<volume-issue-number>
<vol-first>20</vol-first>
<iss-first>2</iss-first>
</volume-issue-number>
<page-information>
<pages>
<first-page>190</first-page>
<last-page>195</last-page>
</pages>
</page-information>
</volisspag>
<ref-text>February</ref-text>
</ref-info>
<ref-fulltext>Kendall, Lyle H., Jr., "An Unrecorded Prose Pamphlet by George Wither", Huntington Library Quarterly, XX, No. 2 (February, 1957), 190-195.</ref-fulltext>
<ce:source-text>Kendall, Lyle H., Jr., "An Unrecorded Prose Pamphlet by George Wither", Huntington Library Quarterly, XX, No. 2 (February, 1957), 190-195.</ce:source-text>
</reference>
<reference seq="43">
<ref-info>
<ref-authors>
<author seq="1">
<ce:initials>S.S.</ce:initials>
<ce:surname>Lee</ce:surname>
<ce:given-name>Sir Sidney</ce:given-name>
</author>
</ref-authors>
<ref-sourcetitle>"George Wither", the Dictionary of National Biography, Edited by Sir Leslie Stephen &amp; Sir Sidney Lee</ref-sourcetitle>
<ref-publicationyear first="1900"/>
<volisspag>
<volume-issue-number>
<vol-first>21</vol-first>
</volume-issue-number>
<page-information>
<pages>
<first-page>731</first-page>
<last-page>739</last-page>
</pages>
</page-information>
</volisspag>
<ref-text>London, Oxford University Press</ref-text>
</ref-info>
<ref-fulltext>Lee, Sir Sidney, "George Wither", The Dictionary of National Biography, edited by Sir Leslie Stephen &amp; Sir Sidney Lee, Vol. XXI, pp. 731-739 (London, Oxford University Press, 1900).</ref-fulltext>
<ce:source-text>Lee, Sir Sidney, "George Wither", The Dictionary of National Biography, edited by Sir Leslie Stephen &amp; Sir Sidney Lee, Vol. XXI, pp. 731-739 (London, Oxford University Press, 1900).</ce:source-text>
</reference>
<reference seq="44">
<ref-info>
<ref-authors>
<author seq="1">
<ce:initials>E.</ce:initials>
<ce:surname>Legouis</ce:surname>
</author>
<author seq="2">
<ce:initials>L.</ce:initials>
<ce:surname>Cazamian</ce:surname>
</author>
</ref-authors>
<ref-sourcetitle>A History of English Literature</ref-sourcetitle>
<ref-publicationyear first="1954"/>
<ref-text>London, The Macmillan Company</ref-text>
</ref-info>
<ref-fulltext>Legouis, E. and Cazamian, L., A History of English Literature (London, The Macmillan Company, 1954).</ref-fulltext>
<ce:source-text>Legouis, E. and Cazamian, L., A History of English Literature (London, The Macmillan Company, 1954).</ce:source-text>
</reference>
<reference seq="45">
<ref-info>
<ref-authors>
<author seq="1">
<ce:initials>E.V.</ce:initials>
<ce:surname>Lucas</ce:surname>
</author>
</ref-authors>
<ref-sourcetitle>The Works of Charles Lamb</ref-sourcetitle>
<ref-publicationyear first="1903"/>
<volisspag>
<volume-issue-number>
<vol-first>1</vol-first>
</volume-issue-number>
</volisspag>
<ref-text>London, Methuen &amp; Company</ref-text>
</ref-info>
<ref-fulltext>Lucas, E. V. (ed.), The Works of Charles Lamb, Vol. I (London, Methuen &amp; Company, 1903).</ref-fulltext>
<ce:source-text>Lucas, E. V. (ed.), The Works of Charles Lamb, Vol. I (London, Methuen &amp; Company, 1903).</ce:source-text>
</reference>
<reference seq="46">
<ref-info>
<ref-authors>
<author seq="1">
<ce:initials>D.</ce:initials>
<ce:surname>Masson</ce:surname>
<ce:given-name>David</ce:given-name>
</author>
</ref-authors>
<ref-sourcetitle>Life of John Milton and History of His Time</ref-sourcetitle>
<ref-publicationyear first="1859"/>
<volisspag>
<volume-issue-number>
<vol-first>1</vol-first>
</volume-issue-number>
</volisspag>
<ref-text>Cambridge, The Macmillan Company</ref-text>
</ref-info>
<ref-fulltext>Masson, David, Life of John Milton and History of his Time, Vol. I (Cambridge, The Macmillan Company, 1859).</ref-fulltext>
<ce:source-text>Masson, David, Life of John Milton and History of his Time, Vol. I (Cambridge, The Macmillan Company, 1859).</ce:source-text>
</reference>
<reference seq="47">
<ref-info>
<ref-authors>
<author seq="1">
<ce:initials>J.</ce:initials>
<ce:surname>McClintock</ce:surname>
</author>
<author seq="2">
<ce:initials>J.</ce:initials>
<ce:surname>Strong</ce:surname>
</author>
</ref-authors>
<ref-sourcetitle>A Cyclopaedia of Biblical, Theological, and Ecclesiastical Literature</ref-sourcetitle>
<ref-publicationyear first="1894"/>
<volisspag>
<volume-issue-number>
<vol-first>4</vol-first>
</volume-issue-number>
</volisspag>
<ref-text>935 (New York, Harper &amp; Brothers</ref-text>
</ref-info>
<ref-fulltext>McClintock, J. &amp; Strong, J. (eds.), A Cyclopaedia of Biblical, Theological, and Ecclesiastical Literature, IV, 935 (New York, Harper &amp; Brothers, 1894).</ref-fulltext>
<ce:source-text>McClintock, J. &amp; Strong, J. (eds.), A Cyclopaedia of Biblical, Theological, and Ecclesiastical Literature, IV, 935 (New York, Harper &amp; Brothers, 1894).</ce:source-text>
</reference>
<reference seq="48">
<ref-info>
<ref-authors>
<author seq="1">
<ce:initials>P.E.</ce:initials>
<ce:surname>More</ce:surname>
<ce:given-name>Paul E.</ce:given-name>
</author>
<author seq="2">
<ce:initials>F.L.</ce:initials>
<ce:surname>Cross</ce:surname>
<ce:given-name>Frank L.</ce:given-name>
</author>
</ref-authors>
<ref-sourcetitle>Anglicanism, the Thought and Practice of the Church of England, Illustrated from the Religious Literature of the Seventeenth Century</ref-sourcetitle>
<ref-publicationyear first="1935"/>
<ref-text>London, Society for Promoting Christian Knowledge</ref-text>
</ref-info>
<ref-fulltext>More, Paul E. and Cross, Frank L. (eds.), Anglicanism, The Thought and Practice of the Church of England, Illustrated from the Religious Literature of the Seventeenth Century (London, Society for Promoting Christian Knowledge, 1935).</ref-fulltext>
<ce:source-text>More, Paul E. and Cross, Frank L. (eds.), Anglicanism, The Thought and Practice of the Church of England, Illustrated from the Religious Literature of the Seventeenth Century (London, Society for Promoting Christian Knowledge, 1935).</ce:source-text>
</reference>
<reference seq="49">
<ref-info>
<ref-authors>
<author seq="1">
<ce:initials>C.F.</ce:initials>
<ce:surname>Mullett</ce:surname>
<ce:given-name>Charles F.</ce:given-name>
</author>
</ref-authors>
<ref-sourcetitle>The Bubonic Plague and England, an Essay in the History of Preventive Medicine</ref-sourcetitle>
<ref-publicationyear first="1956"/>
<ref-text>Lexington, University of Kentucky</ref-text>
</ref-info>
<ref-fulltext>Mullett, Charles F., The Bubonic Plague and England, An Essay in the History of Preventive Medicine (Lexington, University of Kentucky, 1956).</ref-fulltext>
<ce:source-text>Mullett, Charles F., The Bubonic Plague and England, An Essay in the History of Preventive Medicine (Lexington, University of Kentucky, 1956).</ce:source-text>
</reference>
<reference seq="50">
<ref-info>
<ref-authors>
<author seq="1">
<ce:initials>B.</ce:initials>
<ce:surname>Newdigate</ce:surname>
<ce:given-name>Bernard</ce:given-name>
</author>
</ref-authors>
<ref-sourcetitle>Michael Drayton and His Circle</ref-sourcetitle>
<ref-publicationyear first="1961"/>
<ref-text>(Oxford</ref-text>
</ref-info>
<ref-fulltext>Newdigate, Bernard, Michael Drayton and His Circle (Oxford, 1961).</ref-fulltext>
<ce:source-text>Newdigate, Bernard, Michael Drayton and His Circle (Oxford, 1961).</ce:source-text>
</reference>
<reference seq="51">
<ref-info>
<ref-authors>
<author seq="1">
<ce:initials>M.</ce:initials>
<ce:surname>Praz</ce:surname>
<ce:given-name>Mario</ce:given-name>
</author>
</ref-authors>
<ref-sourcetitle>Studies in Seventeenth Century Imagery</ref-sourcetitle>
<ref-publicationyear first="1947"/>
<volisspag>
<volume-issue-number>
<vol-first>2</vol-first>
</volume-issue-number>
</volisspag>
<ref-text>London, University of London</ref-text>
</ref-info>
<ref-fulltext>Praz, Mario, Studies in Seventeenth Century Imagery, Vol. II (London, University of London, 1947).</ref-fulltext>
<ce:source-text>Praz, Mario, Studies in Seventeenth Century Imagery, Vol. II (London, University of London, 1947).</ce:source-text>
</reference>
<reference seq="52">
<ref-info>
<ref-authors>
<author seq="1">
<ce:initials>A.</ce:initials>
<ce:surname>Pritchard</ce:surname>
<ce:given-name>Allan</ce:given-name>
</author>
</ref-authors>
<ref-sourcetitle>"George Wither: The Poet as Prophet"</ref-sourcetitle>
<ref-publicationyear first="1962"/>
<volisspag>
<page-information>
<pages>
<first-page>211</first-page>
<last-page>230</last-page>
</pages>
</page-information>
</volisspag>
<ref-text>Studies in Philology, LIX (April</ref-text>
</ref-info>
<ref-fulltext>Pritchard, Allan, "George Wither: The Poet as Prophet", Studies in Philology, LIX (April, 1962), 211-230.</ref-fulltext>
<ce:source-text>Pritchard, Allan, "George Wither: The Poet as Prophet", Studies in Philology, LIX (April, 1962), 211-230.</ce:source-text>
</reference>
<reference seq="53">
<ref-info>
<ref-authors>
<author seq="1">
<ce:initials>A.</ce:initials>
<ce:surname>Pritchard</ce:surname>
<ce:given-name>Allan</ce:given-name>
</author>
</ref-authors>
<ref-sourcetitle>"Abuses Stript and Whipt and Wither's Imprisonment"</ref-sourcetitle>
<ref-publicationyear first="1963"/>
<volisspag>
<page-information>
<pages>
<first-page>337</first-page>
<last-page>345</last-page>
</pages>
</page-information>
</volisspag>
<ref-text>Review of English Studies, XIV (November</ref-text>
</ref-info>
<ref-fulltext>Pritchard, Allan, "Abuses Stript and Whipt and Wither's Imprisonment", Review of English Studies, XIV (November, 1963), 337-345.</ref-fulltext>
<ce:source-text>Pritchard, Allan, "Abuses Stript and Whipt and Wither's Imprisonment", Review of English Studies, XIV (November, 1963), 337-345.</ce:source-text>
</reference>
<reference seq="54">
<ref-info>
<ref-authors>
<author seq="1">
<ce:initials>A.</ce:initials>
<ce:surname>Pritchard</ce:surname>
<ce:given-name>Allan</ce:given-name>
</author>
</ref-authors>
<ref-sourcetitle>"An Unpublished Poem of George Wither"</ref-sourcetitle>
<ref-publicationyear first="1963"/>
<volisspag>
<page-information>
<pages>
<first-page>120</first-page>
<last-page>121</last-page>
</pages>
</page-information>
</volisspag>
<ref-text>Modern Philology, LXI (November</ref-text>
</ref-info>
<ref-fulltext>Pritchard, Allan, "An Unpublished Poem of George Wither", Modern Philology, LXI (November, 1963), 120-121.</ref-fulltext>
<ce:source-text>Pritchard, Allan, "An Unpublished Poem of George Wither", Modern Philology, LXI (November, 1963), 120-121.</ce:source-text>
</reference>
<reference seq="55">
<ref-info>
<ref-authors>
<author seq="1">
<ce:initials>A.</ce:initials>
<ce:surname>Pritchard</ce:surname>
<ce:given-name>Allan</ce:given-name>
</author>
</ref-authors>
<ref-sourcetitle>"George Wither and the Somers Islands", Notes and Queries, N</ref-sourcetitle>
<ref-publicationyear first="1961"/>
<volisspag>
<page-information>
<pages>
<first-page>428</first-page>
<last-page>430</last-page>
</pages>
</page-information>
</volisspag>
<ref-text>s., VIII</ref-text>
</ref-info>
<ref-fulltext>Pritchard, Allan, "George Wither and the Somers Islands", Notes and Queries, n. s., VIII (1961), 428-30.</ref-fulltext>
<ce:source-text>Pritchard, Allan, "George Wither and the Somers Islands", Notes and Queries, n. s., VIII (1961), 428-30.</ce:source-text>
</reference>
<reference seq="56">
<ref-info>
<ref-authors>
<author seq="1">
<ce:initials>A.</ce:initials>
<ce:surname>Pritchard</ce:surname>
<ce:given-name>Allan</ce:given-name>
</author>
</ref-authors>
<ref-sourcetitle>"Wither's 'Motto' and Browne's Religio Medici"</ref-sourcetitle>
<ref-publicationyear first="1961"/>
<volisspag>
<page-information>
<pages>
<first-page>302</first-page>
<last-page>307</last-page>
</pages>
</page-information>
</volisspag>
<ref-text>Philological Quarterly, XL (April</ref-text>
</ref-info>
<ref-fulltext>Pritchard, Allan, "Wither's 'Motto' and Browne's Religio Medici", Philological Quarterly, XL (April, 1961), 302-7.</ref-fulltext>
<ce:source-text>Pritchard, Allan, "Wither's 'Motto' and Browne's Religio Medici", Philological Quarterly, XL (April, 1961), 302-7.</ce:source-text>
</reference>
<reference seq="57">
<ref-info>
<ref-authors>
<author seq="1">
<ce:initials>A.</ce:initials>
<ce:surname>Pritchard</ce:surname>
<ce:given-name>Allan</ce:given-name>
</author>
</ref-authors>
<ref-sourcetitle>"A Manuscript of George Wither's Psalms"</ref-sourcetitle>
<ref-publicationyear first="1963"/>
<volisspag>
<page-information>
<pages>
<first-page>73</first-page>
<last-page>77</last-page>
</pages>
</page-information>
</volisspag>
<ref-text>Huntington Library Quarterly, XXVII (November</ref-text>
</ref-info>
<ref-fulltext>Pritchard, Allan, "A Manuscript of George Wither's Psalms", Huntington Library Quarterly, XXVII (November, 1963), 73-77.</ref-fulltext>
<ce:source-text>Pritchard, Allan, "A Manuscript of George Wither's Psalms", Huntington Library Quarterly, XXVII (November, 1963), 73-77.</ce:source-text>
</reference>
<reference seq="58">
<ref-info>
<ref-title>
<ref-titletext-english>George Wither's Quarrel with the Stationers: An Anonymous Reply to the Schollers Purgatory</ref-titletext-english>
</ref-title>
<ref-authors>
<author seq="1">
<ce:initials>A.</ce:initials>
<ce:surname>Pritchard</ce:surname>
<ce:given-name>Allan</ce:given-name>
</author>
</ref-authors>
<ref-sourcetitle>Studies in Bibliography</ref-sourcetitle>
<ref-publicationyear first="1963"/>
<volisspag>
<page-information>
<pages>
<first-page>27</first-page>
<last-page>42</last-page>
</pages>
</page-information>
</volisspag>
<ref-text>Virginia Bibliographical Society, XVI</ref-text>
</ref-info>
<ref-fulltext>Pritchard, Allan, "George Wither's Quarrel with the Stationers: An Anonymous Reply to the Schollers Purgatory", Studies in Bibliography, Virginia Bibliographical Society, XVI (1963), 27-42.</ref-fulltext>
<ce:source-text>Pritchard, Allan, "George Wither's Quarrel with the Stationers: An Anonymous Reply to the Schollers Purgatory", Studies in Bibliography, Virginia Bibliographical Society, XVI (1963), 27-42.</ce:source-text>
</reference>
<reference seq="59">
<ref-info>
<ref-authors>
<author seq="1">
<ce:initials>F.</ce:initials>
<ce:surname>Sidgwick</ce:surname>
<ce:given-name>Frank</ce:given-name>
</author>
</ref-authors>
<ref-sourcetitle>The Poetry of George Wither</ref-sourcetitle>
<ref-publicationyear first="1902"/>
<volisspag>
<volume-issue-number>
<vol-first>1</vol-first>
</volume-issue-number>
</volisspag>
<ref-text>&amp; II (London, A. H. Bullen</ref-text>
</ref-info>
<ref-fulltext>Sidgwick, Frank, The Poetry of George Wither, Vols. I &amp; II (London, A. H. Bullen, 1902).</ref-fulltext>
<ce:source-text>Sidgwick, Frank, The Poetry of George Wither, Vols. I &amp; II (London, A. H. Bullen, 1902).</ce:source-text>
</reference>
<reference seq="60">
<ref-info>
<ref-authors>
<author seq="1">
<ce:initials>G.</ce:initials>
<ce:surname>Smith</ce:surname>
<ce:given-name>Goldwin</ce:given-name>
</author>
</ref-authors>
<ref-sourcetitle>A History of England</ref-sourcetitle>
<ref-publicationyear first="1949"/>
<ref-text>Chicago, Charles Scribner's Sons</ref-text>
</ref-info>
<ref-fulltext>Smith, Goldwin, A History of England (Chicago, Charles Scribner's Sons, 1949).</ref-fulltext>
<ce:source-text>Smith, Goldwin, A History of England (Chicago, Charles Scribner's Sons, 1949).</ce:source-text>
</reference>
<reference seq="61">
<ref-info>
<ref-authors>
<author seq="1">
<ce:initials>W.</ce:initials>
<ce:surname>Smith</ce:surname>
<ce:given-name>Wm.</ce:given-name>
</author>
<author seq="2">
<ce:initials>H.</ce:initials>
<ce:surname>Wace</ce:surname>
</author>
</ref-authors>
<ref-sourcetitle>A Dictionary of Christian Biography, Literature, Sects, and Doctrines</ref-sourcetitle>
<ref-publicationyear first="1887"/>
<volisspag>
<volume-issue-number>
<vol-first>4</vol-first>
</volume-issue-number>
<page-information>
<pages>
<first-page>15</first-page>
<last-page>16</last-page>
</pages>
</page-information>
</volisspag>
<ref-text>London, John Murray</ref-text>
</ref-info>
<ref-fulltext>Smith, Wm. &amp; Wace, H. (eds.), A Dictionary of Christian Biography, Literature, Sects, and Doctrines, IV, 15-16 (London, John Murray, 1887).</ref-fulltext>
<ce:source-text>Smith, Wm. &amp; Wace, H. (eds.), A Dictionary of Christian Biography, Literature, Sects, and Doctrines, IV, 15-16 (London, John Murray, 1887).</ce:source-text>
</reference>
<reference seq="62">
<ref-info>
<ref-authors>
<author seq="1">
<ce:initials>J.</ce:initials>
<ce:surname>Spingarn</ce:surname>
</author>
</ref-authors>
<ref-sourcetitle>A History of Literary Criticism in the Renaissance</ref-sourcetitle>
<ref-publicationyear first="1938"/>
<ref-text>(New York, Columbia University Press</ref-text>
</ref-info>
<ref-fulltext>Spingarn, J., A History of Literary Criticism in the Renaissance (New York, Columbia University Press, 1938).</ref-fulltext>
<ce:source-text>Spingarn, J., A History of Literary Criticism in the Renaissance (New York, Columbia University Press, 1938).</ce:source-text>
</reference>
<reference seq="63">
<ref-info>
<ref-authors>
<author seq="1">
<ce:initials>A.</ce:initials>
<ce:surname>Swinburne</ce:surname>
<ce:given-name>Algernon</ce:given-name>
</author>
</ref-authors>
<ref-sourcetitle>Miscellanies</ref-sourcetitle>
<ref-publicationyear first="1886"/>
<ref-text>(London, Chatto &amp; Windus</ref-text>
</ref-info>
<ref-fulltext>Swinburne, Algernon, Miscellanies (London, Chatto &amp; Windus, 1886).</ref-fulltext>
<ce:source-text>Swinburne, Algernon, Miscellanies (London, Chatto &amp; Windus, 1886).</ce:source-text>
</reference>
<reference seq="64">
<ref-info>
<ref-authors>
<author seq="1">
<ce:initials>J.</ce:initials>
<ce:surname>Taylor</ce:surname>
<ce:given-name>John</ce:given-name>
</author>
</ref-authors>
<ref-sourcetitle>Aqua-Musae: Or Cacafago, Cacadaemon, Captain George Wither Wrung in the Withers (Oxford, 1644)</ref-sourcetitle>
<ref-publicationyear first="1870"/>
<volisspag>
<volume-issue-number>
<vol-first>7</vol-first>
</volume-issue-number>
</volisspag>
<ref-text>The Works of John Taylor, the Water Poet Pt. 1(Publications of the Spenser Society, Manchester, Charles Simms</ref-text>
</ref-info>
<ref-fulltext>Taylor, John, Aqua-Musae: or Cacafago, Cacadaemon, Captain George Wither Wrung in the Withers (Oxford, 1644), The Works of John Taylor, the Water Poet Pt. 1 (Publications of the Spenser Society No. 7) (Manchester, Charles Simms, 1870).</ref-fulltext>
<ce:source-text>Taylor, John, Aqua-Musae: or Cacafago, Cacadaemon, Captain George Wither Wrung in the Withers (Oxford, 1644), The Works of John Taylor, the Water Poet Pt. 1 (Publications of the Spenser Society No. 7) (Manchester, Charles Simms, 1870).</ce:source-text>
</reference>
<reference seq="65">
<ref-info>
<ref-authors>
<author seq="1">
<ce:initials>W.</ce:initials>
<ce:surname>Telfer</ce:surname>
<ce:given-name>William</ce:given-name>
</author>
<author seq="2">
<ce:initials>J.</ce:initials>
<ce:surname>Baillie</ce:surname>
<ce:given-name>John</ce:given-name>
</author>
<author seq="3">
<ce:initials>J.</ce:initials>
<ce:surname>McNeill</ce:surname>
<ce:given-name>John</ce:given-name>
</author>
<author seq="4">
<ce:initials>H.V.</ce:initials>
<ce:surname>Dusen</ce:surname>
<ce:given-name>Henry Van</ce:given-name>
</author>
</ref-authors>
<ref-sourcetitle>Cyril of Jerusalem and Nemesius of Emesa.</ref-sourcetitle>
<ref-publicationyear first="1955"/>
<volisspag>
<volume-issue-number>
<vol-first>4</vol-first>
</volume-issue-number>
</volisspag>
<ref-text>trans.),, of The Library of Christian Classics, (Philadelphia, Westminster Press</ref-text>
</ref-info>
<ref-fulltext>Telfer, William (trans.), Cyril of Jerusalem and Nemesius of Emesa. Vol. IV of The Library of Christian Classics, Edited by John Baillie, John McNeill, and Henry Van Dusen (Philadelphia, Westminster Press, 1955).</ref-fulltext>
<ce:source-text>Telfer, William (trans.), Cyril of Jerusalem and Nemesius of Emesa. Vol. IV of The Library of Christian Classics, Edited by John Baillie, John McNeill, and Henry Van Dusen (Philadelphia, Westminster Press, 1955).</ce:source-text>
</reference>
<reference seq="66">
<ref-info>
<ref-authors>
<author seq="1">
<ce:initials>W.D.</ce:initials>
<ce:surname>Templeman</ce:surname>
</author>
</ref-authors>
<ref-sourcetitle>"Some Commendatory Verses by George Wither"</ref-sourcetitle>
<ref-publicationyear first="1942"/>
<volisspag>
<page-information>
<pages>
<first-page>365</first-page>
<last-page>366</last-page>
</pages>
</page-information>
</volisspag>
<ref-text>Notes and Queries, CLXXXIII (July</ref-text>
</ref-info>
<ref-fulltext>Templeman, W. D., "Some Commendatory Verses by George Wither", Notes and Queries, CLXXXIII (July, 1942), 365-366.</ref-fulltext>
<ce:source-text>Templeman, W. D., "Some Commendatory Verses by George Wither", Notes and Queries, CLXXXIII (July, 1942), 365-366.</ce:source-text>
</reference>
<reference seq="67">
<ref-info>
<ref-authors>
<author seq="1">
<ce:initials>G.</ce:initials>
<ce:surname>Thomason</ce:surname>
<ce:given-name>George</ce:given-name>
</author>
</ref-authors>
<ref-sourcetitle>Catalogue of the Pamphlets, Books, Newspapers, and Manuscripts Relating to the Civil War, the Commonwealth, and Restoration 1640-1661</ref-sourcetitle>
<ref-publicationyear first="1908"/>
<volisspag>
<volume-issue-number>
<vol-first>1</vol-first>
</volume-issue-number>
</volisspag>
<ref-text>&amp; II (London, Trustees of the British Museum</ref-text>
</ref-info>
<ref-fulltext>Thomason, George, Catalogue of the Pamphlets, Books, Newspapers, and Manuscripts Relating to the Civil War, the Commonwealth, and Restoration 1640-1661, Vols. I &amp; II (London, Trustees of the British Museum, 1908).</ref-fulltext>
<ce:source-text>Thomason, George, Catalogue of the Pamphlets, Books, Newspapers, and Manuscripts Relating to the Civil War, the Commonwealth, and Restoration 1640-1661, Vols. I &amp; II (London, Trustees of the British Museum, 1908).</ce:source-text>
</reference>
<reference seq="68">
<ref-info>
<ref-authors>
<author seq="1">
<ce:initials>H.D.</ce:initials>
<ce:surname>Traill</ce:surname>
</author>
</ref-authors>
<ref-sourcetitle>Social England</ref-sourcetitle>
<ref-publicationyear first="1895"/>
<volisspag>
<volume-issue-number>
<vol-first>4</vol-first>
</volume-issue-number>
</volisspag>
<ref-text>London, Cassell &amp; Company</ref-text>
</ref-info>
<ref-fulltext>Traill, H. D. (ed.), Social England, Vol. IV (London, Cassell &amp; Company, 1895).</ref-fulltext>
<ce:source-text>Traill, H. D. (ed.), Social England, Vol. IV (London, Cassell &amp; Company, 1895).</ce:source-text>
</reference>
<reference seq="69">
<ref-info>
<ref-authors>
<author seq="1">
<ce:initials>I.</ce:initials>
<ce:surname>Tramer</ce:surname>
</author>
</ref-authors>
<ref-sourcetitle>Studien Zu Den Anfangen Der Puritanischen Emblem Literatur in England: Andrew Willet George Wither</ref-sourcetitle>
<ref-publicationyear first="1934"/>
<ref-text>(Berlin</ref-text>
</ref-info>
<ref-fulltext>Tramer, I., Studien zu den Anfangen der puritanischen Emblem literatur in England: Andrew Willet George Wither (Berlin, 1934).</ref-fulltext>
<ce:source-text>Tramer, I., Studien zu den Anfangen der puritanischen Emblem literatur in England: Andrew Willet George Wither (Berlin, 1934).</ce:source-text>
</reference>
<reference seq="70">
<ref-info>
<ref-authors>
<author seq="1">
<ce:initials>G.M.</ce:initials>
<ce:surname>Trevelyan</ce:surname>
<ce:given-name>George M.</ce:given-name>
</author>
</ref-authors>
<ref-sourcetitle>History of England</ref-sourcetitle>
<ref-publicationyear first="1929"/>
<ref-text>(London, Longmans, Green, &amp; Company</ref-text>
</ref-info>
<ref-fulltext>Trevelyan, George M., History of England (London, Longmans, Green, &amp; Company, 1929).</ref-fulltext>
<ce:source-text>Trevelyan, George M., History of England (London, Longmans, Green, &amp; Company, 1929).</ce:source-text>
</reference>
<reference seq="71">
<ref-info>
<ref-authors>
<author seq="1">
<ce:initials>C.</ce:initials>
<ce:surname>Whibley</ce:surname>
<ce:given-name>Charles</ce:given-name>
</author>
<author seq="2">
<ce:initials>A.</ce:initials>
<ce:surname>Ward</ce:surname>
</author>
<author seq="3">
<ce:initials>A.</ce:initials>
<ce:surname>Waller</ce:surname>
</author>
</ref-authors>
<ref-sourcetitle>"Translators", Prose and Poetry from Sir Thomas North to Michael Drayton (= the Cambridge History of English Literature, IV, 1-18</ref-sourcetitle>
<ref-publicationyear first="1910"/>
<ref-text>New York, G. P. Putnam's Sons</ref-text>
</ref-info>
<ref-fulltext>Whibley, Charles, "Translators", Prose and Poetry from Sir Thomas North to Michael Drayton (= The Cambridge History of English Literature, IV, 1-18), Edited by A. Ward &amp; A. Waller (New York, G. P. Putnam's Sons, 1910).</ref-fulltext>
<ce:source-text>Whibley, Charles, "Translators", Prose and Poetry from Sir Thomas North to Michael Drayton (= The Cambridge History of English Literature, IV, 1-18), Edited by A. Ward &amp; A. Waller (New York, G. P. Putnam's Sons, 1910).</ce:source-text>
</reference>
<reference seq="72">
<ref-info>
<ref-authors>
<author seq="1">
<ce:initials>H.</ce:initials>
<ce:surname>White</ce:surname>
</author>
<author seq="2">
<ce:initials>R.</ce:initials>
<ce:surname>Wallerstein</ce:surname>
</author>
<author seq="3">
<ce:initials>R.</ce:initials>
<ce:surname>Quintana</ce:surname>
</author>
</ref-authors>
<ref-sourcetitle>Seventeenth-Century Verse and Prose</ref-sourcetitle>
<ref-publicationyear first="1951"/>
<volisspag>
<volume-issue-number>
<vol-first>1</vol-first>
</volume-issue-number>
</volisspag>
<ref-text>New York, The Macmillan Company</ref-text>
</ref-info>
<ref-fulltext>White, H., Wallerstein, R., and Quintana, R. (eds.), Seventeenth-Century Verse and Prose, Vol. I (New York, The Macmillan Company, 1951).</ref-fulltext>
<ce:source-text>White, H., Wallerstein, R., and Quintana, R. (eds.), Seventeenth-Century Verse and Prose, Vol. I (New York, The Macmillan Company, 1951).</ce:source-text>
</reference>
<reference seq="73">
<ref-info>
<ref-authors>
<author seq="1">
<ce:initials>R.A.</ce:initials>
<ce:surname>Willmott</ce:surname>
<ce:given-name>Robert A.</ce:given-name>
</author>
</ref-authors>
<ref-sourcetitle>Lives of the Sacred Poets</ref-sourcetitle>
<ref-publicationyear first="1834"/>
<volisspag>
<volume-issue-number>
<vol-first>1</vol-first>
</volume-issue-number>
</volisspag>
<ref-text>London, John Parker</ref-text>
</ref-info>
<ref-fulltext>Willmott, Robert A., Lives of the Sacred Poets, Vol. I (London, John Parker, 1834).</ref-fulltext>
<ce:source-text>Willmott, Robert A., Lives of the Sacred Poets, Vol. I (London, John Parker, 1834).</ce:source-text>
</reference>
<reference seq="74">
<ref-info>
<ref-authors>
<author seq="1">
<ce:initials>W.</ce:initials>
<ce:surname>Winstanley</ce:surname>
<ce:given-name>William</ce:given-name>
</author>
</ref-authors>
<ref-sourcetitle>Lives of the Most Famous English Poets, Or the Honour of Parnassus, in a Brief Essay of the Works &amp; Writings of Them from the Time of Wm. the Conqueror to the Reign of His Present Majesty King James II</ref-sourcetitle>
<ref-publicationyear first="1687"/>
<ref-text>London, Rare book, University of Missouri Library</ref-text>
</ref-info>
<ref-fulltext>Winstanley, William, Lives of the most Famous English Poets, or the Honour of Parnassus, in a brief Essay of the Works &amp; Writings of them from the Time of Wm. the Conqueror to the Reign of his present Majesty King James II (London, 1687), Rare book, University of Missouri Library.</ref-fulltext>
<ce:source-text>Winstanley, William, Lives of the most Famous English Poets, or the Honour of Parnassus, in a brief Essay of the Works &amp; Writings of them from the Time of Wm. the Conqueror to the Reign of his present Majesty King James II (London, 1687), Rare book, University of Missouri Library.</ce:source-text>
</reference>
<reference seq="75">
<ref-info>
<ref-authors>
<author seq="1">
<ce:initials>A.S.</ce:initials>
<ce:surname>Woodhouse</ce:surname>
</author>
</ref-authors>
<ref-sourcetitle>Puritanism and Liberty, Being the Army Debates (1647-9) from the Clarke Manuscripts with Supplementary Documents</ref-sourcetitle>
<ref-publicationyear first="1951"/>
<ref-text>Chicago, University of Chicago Press</ref-text>
</ref-info>
<ref-fulltext>Woodhouse, A. S. (ed.), Puritanism and Liberty, Being the Army Debates (1647-9) from the Clarke Manuscripts with Supplementary Documents (Chicago, University of Chicago Press, 1951).</ref-fulltext>
<ce:source-text>Woodhouse, A. S. (ed.), Puritanism and Liberty, Being the Army Debates (1647-9) from the Clarke Manuscripts with Supplementary Documents (Chicago, University of Chicago Press, 1951).</ce:source-text>
</reference>
</bibliography>
</tail>
</bibrecord>
</unit-content>
</unit></units>